address_line1,address_locality,address_countrySubd,address_postal1,summary_yearbuilt,building_size_universalSize,summary_propType,bedrooms,bathrooms,rent_estimate,rent_range_low,rent_range_high
7370 Main St,Springfield,NY,37788,1986,2696,Townhouse,1,3,3748.0,3373.0,4123.0
960 Main St,Fairview,CA,58543,1969,4247,Apartment,2,2,4840.0,4356.0,5324.0
5490 Main St,Springfield,OH,23919,1975,1151,Apartment,3,1,1190.0,1071.0,1309.0
5291 Main St,Fairview,TX,79346,1978,1269,Townhouse,1,2,1718.0,1546.0,1890.0
5834 Main St,Springfield,FL,49974,1950,2921,House,1,1,3260.0,2934.0,3586.0
6365 Main St,Riverside,TX,26371,1984,1280,Condo,5,3,1188.0,1069.0,1307.0
566 Main St,Springfield,CA,55084,2019,2216,Condo,1,1,3099.0,2789.0,3409.0
4526 Main St,Springfield,FL,39629,2008,4483,Condo,1,2,6356.0,5720.0,6992.0
5678 Main St,Riverside,NY,61184,2018,1811,House,1,2,2040.0,1836.0,2244.0
8422 Main St,Greenville,TX,71916,1982,3859,Condo,5,2,3292.0,2963.0,3621.0
1785 Main St,Greenville,CA,83972,2000,1022,Condo,3,1,1095.0,986.0,1204.0
869 Main St,Springfield,OH,72187,1961,1021,Townhouse,3,3,1391.0,1252.0,1530.0
7049 Main St,Riverside,FL,22984,1969,2820,House,1,3,4036.0,3632.0,4440.0
2533 Main St,Springfield,TX,43039,2002,1435,Apartment,5,1,1352.0,1217.0,1487.0
5411 Main St,Fairview,TX,95431,1992,2730,Townhouse,3,2,2312.0,2081.0,2543.0
5151 Main St,Fairview,NY,93691,1999,4540,Townhouse,3,3,6420.0,5778.0,7062.0
6520 Main St,Springfield,NY,68606,1978,4197,Apartment,3,2,4502.0,4052.0,4952.0
1284 Main St,Greenville,OH,20616,2006,3337,Townhouse,5,1,3935.0,3542.0,4328.0
4655 Main St,Greenville,OH,60072,1988,4583,House,5,2,6772.0,6095.0,7449.0
3485 Main St,Springfield,CA,34574,2005,2961,Condo,1,3,2507.0,2256.0,2758.0
6496 Main St,Springfield,CA,13430,1992,3743,House,4,3,4693.0,4224.0,5162.0
8766 Main St,Fairview,OH,22676,1999,3859,Apartment,3,2,3287.0,2958.0,3616.0
9374 Main St,Greenville,OH,20816,1972,1185,Apartment,4,1,1259.0,1133.0,1385.0
2658 Main St,Springfield,FL,42733,1993,2660,Townhouse,5,2,3625.0,3262.0,3988.0
7949 Main St,Fairview,NY,95680,1987,4488,House,5,1,4952.0,4457.0,5447.0
2147 Main St,Greenville,CA,12050,1972,4566,House,5,2,6840.0,6156.0,7524.0
2847 Main St,Riverside,NY,43933,1994,2067,Apartment,4,3,2463.0,2217.0,2709.0
9267 Main St,Fairview,NY,34951,2001,538,House,5,1,551.0,496.0,606.0
289 Main St,Greenville,OH,42413,1999,3044,Apartment,1,1,2904.0,2614.0,3194.0
2834 Main St,Greenville,FL,44801,1957,1756,House,5,1,1836.0,1652.0,2020.0
3105 Main St,Fairview,TX,65619,1950,3490,House,2,3,3702.0,3332.0,4072.0
4758 Main St,Riverside,FL,42913,1957,2696,House,4,2,2286.0,2057.0,2515.0
1999 Main St,Fairview,FL,50600,1978,3968,Apartment,2,3,4201.0,3781.0,4621.0
7834 Main St,Greenville,NY,67775,1954,3208,Townhouse,5,1,3609.0,3248.0,3970.0
1367 Main St,Springfield,FL,45400,1996,801,House,1,2,1046.0,941.0,1151.0
1628 Main St,Springfield,CA,14494,1983,1146,Apartment,3,3,1444.0,1300.0,1588.0
3656 Main St,Fairview,NY,90688,2014,2259,Apartment,5,1,2928.0,2635.0,3221.0
3990 Main St,Greenville,CA,99431,2004,4851,House,1,1,3909.0,3518.0,4300.0
8938 Main St,Springfield,TX,84691,1992,1097,House,4,3,1045.0,940.0,1150.0
5493 Main St,Greenville,NY,53001,2023,1161,Townhouse,2,3,1467.0,1320.0,1614.0
8892 Main St,Fairview,TX,77364,1979,4830,Apartment,2,3,5500.0,4950.0,6050.0
8533 Main St,Springfield,NY,55028,1966,1868,Apartment,2,1,1501.0,1351.0,1651.0
7613 Main St,Greenville,OH,47573,1975,3081,Condo,4,3,4200.0,3780.0,4620.0
2712 Main St,Springfield,FL,10806,1957,4368,Apartment,1,1,5857.0,5271.0,6443.0
7141 Main St,Fairview,OH,66638,1996,4037,Townhouse,4,3,4779.0,4301.0,5257.0
9655 Main St,Greenville,TX,39757,2021,4808,Condo,2,1,4070.0,3663.0,4477.0
6335 Main St,Springfield,FL,44636,1995,782,Condo,5,1,1045.0,940.0,1150.0
5586 Main St,Fairview,NY,90097,2017,4178,Condo,3,2,5050.0,4545.0,5555.0
7199 Main St,Springfield,FL,58280,1982,1986,House,4,3,2676.0,2408.0,2944.0
9770 Main St,Springfield,CA,34262,1950,4582,House,4,3,6077.0,5469.0,6685.0
875 Main St,Riverside,FL,90435,1968,4683,Apartment,1,1,6379.0,5741.0,7017.0
8326 Main St,Riverside,CA,72211,1980,960,Condo,1,1,1116.0,1004.0,1228.0
3252 Main St,Fairview,FL,64842,1963,2825,Townhouse,4,1,2537.0,2283.0,2791.0
1685 Main St,Riverside,CA,66979,2002,4254,House,2,2,5402.0,4862.0,5942.0
4043 Main St,Fairview,TX,91470,1997,2968,Townhouse,3,2,3663.0,3297.0,4029.0
7655 Main St,Riverside,OH,48197,2018,2224,Townhouse,1,1,2935.0,2642.0,3229.0
3173 Main St,Springfield,NY,51844,2011,1876,House,2,3,1724.0,1552.0,1896.0
1121 Main St,Fairview,FL,74754,2015,3243,House,5,3,3037.0,2733.0,3341.0
3943 Main St,Fairview,OH,44157,2013,1014,House,1,2,1443.0,1299.0,1587.0
8089 Main St,Springfield,NY,87129,2019,1202,House,2,2,1593.0,1434.0,1752.0
9792 Main St,Fairview,NY,50042,2012,2153,Condo,2,1,3091.0,2782.0,3400.0
6973 Main St,Fairview,CA,71665,2022,2566,Condo,3,3,3416.0,3074.0,3758.0
5775 Main St,Riverside,TX,92856,1982,522,Condo,3,1,636.0,572.0,700.0
261 Main St,Fairview,TX,37376,1990,2960,Condo,5,2,3723.0,3351.0,4095.0
4397 Main St,Greenville,OH,65554,1997,1804,Apartment,2,3,2566.0,2309.0,2823.0
1095 Main St,Springfield,TX,24199,1962,3800,Condo,2,3,4580.0,4122.0,5038.0
7729 Main St,Riverside,FL,91412,2022,861,House,3,2,1070.0,963.0,1177.0
9567 Main St,Riverside,TX,60948,1980,4227,Townhouse,1,1,3845.0,3460.0,4230.0
1116 Main St,Greenville,OH,83781,2024,1784,Condo,1,1,2019.0,1817.0,2221.0
7969 Main St,Springfield,TX,82750,2017,1014,Apartment,4,3,1320.0,1188.0,1452.0
6539 Main St,Springfield,FL,76262,1953,948,House,3,2,938.0,844.0,1032.0
7992 Main St,Riverside,CA,56600,1968,2355,Townhouse,4,3,2217.0,1995.0,2439.0
6963 Main St,Fairview,OH,86898,2019,4062,Townhouse,3,2,4142.0,3728.0,4556.0
8016 Main St,Riverside,CA,72483,1962,3020,Condo,5,1,2927.0,2634.0,3220.0
8629 Main St,Springfield,CA,28297,1972,3581,Townhouse,2,2,3404.0,3064.0,3744.0
978 Main St,Greenville,CA,40448,2024,1928,Condo,5,1,2116.0,1904.0,2328.0
9368 Main St,Riverside,NY,36172,1950,4467,Condo,3,2,6412.0,5771.0,7053.0
4987 Main St,Springfield,NY,52874,2003,1422,House,2,3,1642.0,1478.0,1806.0
4959 Main St,Riverside,CA,17657,2020,3637,House,1,1,3388.0,3049.0,3727.0
6431 Main St,Fairview,OH,94386,1964,2659,Apartment,1,3,2270.0,2043.0,2497.0
8671 Main St,Riverside,FL,35425,2014,3047,House,4,3,3922.0,3530.0,4314.0
8784 Main St,Riverside,FL,36685,2020,3479,House,3,1,3715.0,3344.0,4087.0
7308 Main St,Springfield,TX,34578,1964,2781,Condo,3,1,3825.0,3442.0,4208.0
5376 Main St,Springfield,OH,38831,1970,3149,House,1,3,3973.0,3576.0,4370.0
2162 Main St,Springfield,NY,17906,1968,813,Condo,5,3,1104.0,994.0,1214.0
164 Main St,Riverside,CA,71413,2009,3113,Condo,2,3,3083.0,2775.0,3391.0
8106 Main St,Fairview,TX,64028,1982,3583,House,5,3,4603.0,4143.0,5063.0
2668 Main St,Greenville,FL,17287,1998,2756,Apartment,5,1,2714.0,2443.0,2985.0
5563 Main St,Greenville,NY,43660,1984,1537,Apartment,1,1,2240.0,2016.0,2464.0
2127 Main St,Springfield,NY,85758,1993,3989,Townhouse,1,3,4968.0,4471.0,5465.0
2795 Main St,Springfield,CA,70504,1960,3134,Townhouse,1,2,3219.0,2897.0,3541.0
9787 Main St,Riverside,FL,69720,2021,4483,House,4,2,4432.0,3989.0,4875.0
5358 Main St,Greenville,OH,44701,2023,2278,Apartment,5,1,2127.0,1914.0,2340.0
5718 Main St,Springfield,NY,93300,2015,4395,Condo,3,3,5653.0,5088.0,6218.0
6836 Main St,Fairview,CA,27674,1995,1624,Townhouse,2,3,1548.0,1393.0,1703.0
491 Main St,Fairview,OH,93560,1958,1197,Condo,4,1,1456.0,1310.0,1602.0
5992 Main St,Springfield,FL,33874,1952,2679,Townhouse,3,2,2639.0,2375.0,2903.0
3661 Main St,Springfield,NY,53642,1975,1904,House,5,2,2405.0,2164.0,2646.0
6284 Main St,Greenville,OH,75160,2021,1543,Apartment,1,2,2115.0,1904.0,2326.0
3199 Main St,Greenville,OH,27602,1997,2429,Townhouse,5,1,3266.0,2939.0,3593.0
6378 Main St,Riverside,OH,98801,2015,1513,Apartment,2,2,2016.0,1814.0,2218.0
8492 Main St,Greenville,NY,35931,2019,726,Condo,4,1,676.0,608.0,744.0
3204 Main St,Fairview,NY,39192,1977,2328,House,4,1,2006.0,1805.0,2207.0
7315 Main St,Fairview,TX,56542,1975,2523,Apartment,2,3,3253.0,2928.0,3578.0
2554 Main St,Springfield,FL,52520,1974,2952,House,3,2,3123.0,2811.0,3435.0
9096 Main St,Greenville,CA,74772,1961,2585,Apartment,3,1,2850.0,2565.0,3135.0
2831 Main St,Riverside,OH,68762,1954,4783,Condo,4,2,3931.0,3538.0,4324.0
8254 Main St,Fairview,TX,60106,1997,1580,Condo,4,2,1551.0,1396.0,1706.0
9862 Main St,Fairview,CA,91121,1986,2820,House,1,3,2322.0,2090.0,2554.0
5156 Main St,Riverside,TX,35559,1993,3690,Condo,3,2,5223.0,4701.0,5745.0
8210 Main St,Riverside,NY,43742,1964,3130,Townhouse,2,3,3037.0,2733.0,3341.0
3940 Main St,Fairview,OH,79669,1992,3063,Apartment,3,1,3645.0,3280.0,4010.0
1128 Main St,Fairview,CA,90199,1997,3792,Condo,1,2,3137.0,2823.0,3451.0
7485 Main St,Riverside,CA,31754,2019,4086,Townhouse,4,1,5176.0,4658.0,5694.0
602 Main St,Fairview,CA,13972,1995,4931,House,4,2,5060.0,4554.0,5566.0
7010 Main St,Springfield,CA,80831,1992,3447,Townhouse,1,1,4924.0,4432.0,5416.0
9162 Main St,Springfield,CA,51873,1970,4459,House,2,2,6339.0,5705.0,6973.0
7038 Main St,Riverside,TX,19903,1972,3313,House,4,2,3405.0,3064.0,3746.0
4588 Main St,Greenville,OH,13020,1996,3083,Apartment,5,2,4411.0,3970.0,4852.0
306 Main St,Riverside,NY,51755,1964,661,Apartment,4,2,990.0,891.0,1089.0
5234 Main St,Riverside,NY,95956,1974,1093,Townhouse,5,2,1506.0,1355.0,1657.0
6077 Main St,Greenville,NY,96988,1985,3759,Apartment,1,2,5230.0,4707.0,5753.0
7821 Main St,Greenville,NY,55648,2024,4655,Apartment,1,2,4535.0,4082.0,4988.0
7135 Main St,Greenville,TX,19516,2000,3462,Apartment,4,2,4167.0,3750.0,4584.0
1584 Main St,Springfield,FL,12396,1964,4388,Townhouse,3,2,3717.0,3345.0,4089.0
7958 Main St,Fairview,OH,94082,2017,3890,Condo,5,1,3370.0,3033.0,3707.0
963 Main St,Springfield,CA,29129,1970,1163,Apartment,2,3,1744.0,1570.0,1918.0
2890 Main St,Fairview,FL,11591,1962,1632,Apartment,4,2,1679.0,1511.0,1847.0
7508 Main St,Springfield,NY,21303,1968,1041,Townhouse,2,3,1378.0,1240.0,1516.0
8855 Main St,Fairview,FL,40561,1983,3474,Condo,4,2,4741.0,4267.0,5215.0
5216 Main St,Springfield,OH,81719,2017,1367,Apartment,3,2,1915.0,1724.0,2106.0
6119 Main St,Greenville,CA,96231,2001,2566,House,3,1,3845.0,3460.0,4230.0
1857 Main St,Riverside,CA,17314,1976,931,Townhouse,3,1,902.0,812.0,992.0
7674 Main St,Springfield,OH,29623,1978,4778,Apartment,3,3,3957.0,3561.0,4353.0
6474 Main St,Fairview,OH,77675,1977,1706,Apartment,1,1,1856.0,1670.0,2042.0
6992 Main St,Greenville,NY,75082,1984,3028,House,1,1,2698.0,2428.0,2968.0
1778 Main St,Springfield,CA,93624,1957,1669,House,5,3,1361.0,1225.0,1497.0
3342 Main St,Springfield,FL,43130,1965,1330,Townhouse,2,1,1400.0,1260.0,1540.0
4736 Main St,Greenville,TX,61756,1985,2151,Townhouse,4,2,2901.0,2611.0,3191.0
1159 Main St,Springfield,TX,36292,1979,1636,House,4,3,1957.0,1761.0,2153.0
6768 Main St,Riverside,OH,96206,1967,3310,Townhouse,1,3,3373.0,3036.0,3710.0
3257 Main St,Springfield,NY,79274,1951,975,House,4,2,1227.0,1104.0,1350.0
6015 Main St,Riverside,TX,12469,1998,3310,Apartment,1,1,3186.0,2867.0,3505.0
9889 Main St,Riverside,CA,63947,1953,1826,House,5,3,1479.0,1331.0,1627.0
2793 Main St,Greenville,OH,32534,2024,1519,House,2,3,2028.0,1825.0,2231.0
3727 Main St,Springfield,FL,73620,1956,2336,Condo,5,2,2889.0,2600.0,3178.0
9655 Main St,Greenville,OH,58874,2023,4756,House,3,2,6343.0,5709.0,6977.0
5550 Main St,Springfield,FL,59708,1988,2948,House,3,1,2439.0,2195.0,2683.0
1763 Main St,Springfield,OH,84553,1962,4793,Condo,3,3,6643.0,5979.0,7307.0
9821 Main St,Fairview,OH,78344,1980,1783,Townhouse,5,1,2200.0,1980.0,2420.0
5692 Main St,Springfield,OH,59138,2020,1159,Condo,4,1,1384.0,1246.0,1522.0
7492 Main St,Greenville,FL,64302,2012,2510,Apartment,2,2,3105.0,2794.0,3416.0
1406 Main St,Riverside,FL,57638,2005,898,Condo,3,3,1262.0,1136.0,1388.0
6876 Main St,Springfield,OH,88249,1991,2233,Apartment,3,3,2704.0,2434.0,2974.0
5964 Main St,Fairview,TX,12719,2010,2625,Townhouse,3,3,3167.0,2850.0,3484.0
9574 Main St,Greenville,NY,32890,1991,2671,Condo,2,2,3989.0,3590.0,4388.0
7626 Main St,Springfield,NY,87236,2005,574,Condo,3,2,763.0,687.0,839.0
9001 Main St,Greenville,NY,46509,1985,3971,Townhouse,2,2,4406.0,3965.0,4847.0
5675 Main St,Fairview,FL,52534,2017,1336,Apartment,3,2,1730.0,1557.0,1903.0
5630 Main St,Fairview,FL,28787,1956,999,Condo,5,2,1071.0,964.0,1178.0
4513 Main St,Greenville,TX,58845,2003,637,Apartment,5,3,612.0,551.0,673.0
3848 Main St,Springfield,NY,67932,1950,2597,Condo,2,1,3163.0,2847.0,3479.0
763 Main St,Riverside,NY,43062,1993,4196,House,5,3,6083.0,5475.0,6691.0
2098 Main St,Fairview,OH,85713,1994,2385,Condo,2,1,3459.0,3113.0,3805.0
8094 Main St,Springfield,FL,97263,1996,3257,Townhouse,5,2,3385.0,3046.0,3724.0
1595 Main St,Springfield,NY,70461,1962,4420,Townhouse,5,1,5169.0,4652.0,5686.0
3404 Main St,Riverside,TX,85418,1971,2400,Apartment,2,3,2276.0,2048.0,2504.0
3863 Main St,Fairview,TX,76672,1970,3110,Condo,4,3,4655.0,4190.0,5120.0
5332 Main St,Fairview,NY,44832,1958,4486,Apartment,5,1,6670.0,6003.0,7337.0
1953 Main St,Springfield,FL,41966,1975,1949,Apartment,3,2,2445.0,2200.0,2690.0
6685 Main St,Springfield,TX,82545,1958,1046,House,4,2,1426.0,1283.0,1569.0
1391 Main St,Riverside,OH,22987,1964,2503,House,2,3,3255.0,2930.0,3581.0
3681 Main St,Riverside,TX,47311,1959,2596,Townhouse,4,1,3155.0,2840.0,3471.0
7654 Main St,Fairview,CA,41575,1991,1203,Apartment,1,2,1007.0,906.0,1108.0
7380 Main St,Greenville,CA,73852,2021,2903,Townhouse,1,2,3247.0,2922.0,3572.0
1736 Main St,Fairview,FL,11007,1973,2125,Condo,5,3,2704.0,2434.0,2974.0
3796 Main St,Springfield,NY,80981,1998,3831,Apartment,5,2,4882.0,4394.0,5370.0
798 Main St,Fairview,FL,86242,1975,3478,Apartment,3,1,3691.0,3322.0,4060.0
4837 Main St,Greenville,FL,57517,1986,3339,Condo,4,3,4872.0,4385.0,5359.0
954 Main St,Riverside,FL,39257,2017,3884,Condo,1,3,3562.0,3206.0,3918.0
8264 Main St,Greenville,FL,97272,1999,3159,Townhouse,5,1,3634.0,3271.0,3997.0
5955 Main St,Greenville,OH,52207,1973,2361,Townhouse,4,3,3031.0,2728.0,3334.0
7492 Main St,Greenville,OH,23281,1968,3356,Condo,5,2,4323.0,3891.0,4755.0
6628 Main St,Riverside,TX,71246,2009,1185,Townhouse,5,2,1486.0,1337.0,1635.0
5349 Main St,Greenville,CA,11435,1988,4783,Condo,1,1,4748.0,4273.0,5223.0
5272 Main St,Greenville,FL,36660,2023,2119,Apartment,1,2,1927.0,1734.0,2120.0
1807 Main St,Greenville,TX,15084,1967,1931,Apartment,5,1,2404.0,2164.0,2644.0
5891 Main St,Springfield,CA,92197,1968,1375,House,2,1,1677.0,1509.0,1845.0
5635 Main St,Greenville,NY,23507,1985,2961,Apartment,5,2,2741.0,2467.0,3015.0
5031 Main St,Riverside,OH,82595,2023,1865,Condo,5,1,2413.0,2172.0,2654.0
3610 Main St,Greenville,CA,93807,2004,1743,Townhouse,3,2,1950.0,1755.0,2145.0
302 Main St,Greenville,NY,55539,2018,662,House,3,3,839.0,755.0,923.0
4318 Main St,Riverside,CA,17491,1996,2474,Townhouse,3,3,3429.0,3086.0,3772.0
9058 Main St,Greenville,OH,60192,1998,3791,Condo,2,1,3483.0,3135.0,3831.0
4489 Main St,Riverside,OH,90395,1982,769,Apartment,2,2,626.0,563.0,689.0
2427 Main St,Greenville,TX,73888,1970,1131,House,5,2,1522.0,1370.0,1674.0
8104 Main St,Riverside,FL,83609,1971,1405,Condo,3,3,1724.0,1552.0,1896.0
3031 Main St,Greenville,CA,19077,1997,3971,House,2,3,5122.0,4610.0,5634.0
7877 Main St,Greenville,CA,30953,1986,3753,House,1,2,5204.0,4684.0,5724.0
297 Main St,Springfield,NY,86919,1964,2514,Apartment,5,1,3424.0,3082.0,3766.0
7225 Main St,Springfield,OH,77889,1984,2141,Condo,4,3,3153.0,2838.0,3468.0
2030 Main St,Greenville,CA,33821,2020,704,Townhouse,5,1,827.0,744.0,910.0
6387 Main St,Greenville,OH,47567,1981,1081,House,4,1,1234.0,1111.0,1357.0
8900 Main St,Fairview,CA,34860,1960,1340,House,3,3,1449.0,1304.0,1594.0
9439 Main St,Riverside,TX,31195,1959,2219,Townhouse,4,1,2014.0,1813.0,2215.0
4382 Main St,Fairview,FL,87475,2022,3143,Condo,3,1,3774.0,3397.0,4151.0
2611 Main St,Springfield,CA,97266,2006,2797,House,1,2,2780.0,2502.0,3058.0
759 Main St,Springfield,OH,31427,1974,1374,House,4,1,1985.0,1786.0,2184.0
2911 Main St,Springfield,TX,37083,1951,1189,House,5,2,1437.0,1293.0,1581.0
7198 Main St,Springfield,CA,97046,2013,4500,Condo,3,3,5467.0,4920.0,6014.0
6646 Main St,Greenville,NY,67372,1984,3641,Condo,5,3,3817.0,3435.0,4199.0
9661 Main St,Springfield,FL,54064,1956,1922,Townhouse,2,2,1608.0,1447.0,1769.0
2086 Main St,Greenville,CA,17813,1967,1171,Condo,3,3,963.0,867.0,1059.0
8438 Main St,Greenville,TX,41598,2016,1671,Condo,4,1,1832.0,1649.0,2015.0
3011 Main St,Springfield,NY,37082,1991,4226,Apartment,3,1,3631.0,3268.0,3994.0
1834 Main St,Springfield,TX,39241,1988,1443,Townhouse,5,1,1767.0,1590.0,1944.0
1943 Main St,Riverside,TX,54569,1990,1949,House,1,3,2761.0,2485.0,3037.0
8780 Main St,Fairview,NY,21745,2024,4237,Condo,3,1,6008.0,5407.0,6609.0
3076 Main St,Springfield,TX,36029,1973,3039,House,4,3,3833.0,3450.0,4216.0
2059 Main St,Riverside,NY,23025,2009,4459,House,2,1,4227.0,3804.0,4650.0
5859 Main St,Riverside,CA,24288,1995,4760,Apartment,1,2,6684.0,6016.0,7352.0
6794 Main St,Fairview,NY,99186,1968,2861,Condo,2,3,4063.0,3657.0,4469.0
2485 Main St,Greenville,NY,16540,2017,4152,Townhouse,3,3,3893.0,3504.0,4282.0
4836 Main St,Springfield,FL,91958,1991,4170,Condo,5,1,5489.0,4940.0,6038.0
1902 Main St,Fairview,NY,78878,1981,2253,House,5,3,2254.0,2029.0,2479.0
8255 Main St,Springfield,NY,51846,1988,2852,Townhouse,4,3,3884.0,3496.0,4272.0
8220 Main St,Riverside,CA,85932,1985,2438,Condo,5,2,3652.0,3287.0,4017.0
6716 Main St,Riverside,FL,27482,1985,870,House,1,2,714.0,643.0,785.0
5634 Main St,Greenville,OH,33411,1952,4979,House,5,1,7111.0,6400.0,7822.0
4161 Main St,Riverside,CA,60975,2022,2431,Apartment,4,2,3004.0,2704.0,3304.0
362 Main St,Riverside,CA,70545,1957,924,Apartment,3,1,1369.0,1232.0,1506.0
6387 Main St,Fairview,OH,88797,2019,1394,Apartment,3,1,1569.0,1412.0,1726.0
8915 Main St,Springfield,NY,62307,1990,1097,House,5,1,1528.0,1375.0,1681.0
9308 Main St,Springfield,TX,13093,2017,3562,Condo,2,3,3005.0,2704.0,3306.0
2149 Main St,Fairview,FL,87258,1962,2836,Apartment,3,2,2934.0,2641.0,3227.0
5523 Main St,Greenville,TX,32042,1998,2187,Condo,5,1,1852.0,1667.0,2037.0
4648 Main St,Springfield,OH,62930,2009,1072,Apartment,4,2,1589.0,1430.0,1748.0
3208 Main St,Riverside,CA,54413,1951,2590,Townhouse,5,1,3553.0,3198.0,3908.0
7258 Main St,Springfield,CA,43756,2009,4169,Townhouse,3,2,5823.0,5241.0,6405.0
7500 Main St,Riverside,FL,63268,1954,4772,Apartment,4,2,6951.0,6256.0,7646.0
3270 Main St,Greenville,CA,49214,1993,2133,House,5,1,1833.0,1650.0,2016.0
9974 Main St,Fairview,CA,91871,1976,2017,Apartment,1,3,2158.0,1942.0,2374.0
2355 Main St,Springfield,FL,38602,1981,4793,Apartment,4,2,4073.0,3666.0,4480.0
1254 Main St,Fairview,FL,63331,1970,3157,House,1,3,2991.0,2692.0,3290.0
4599 Main St,Springfield,OH,58901,1957,4148,Townhouse,2,3,3984.0,3586.0,4382.0
6395 Main St,Riverside,CA,73416,2021,4088,Condo,4,1,4613.0,4152.0,5074.0
6297 Main St,Fairview,CA,42196,1999,2037,Apartment,1,1,2013.0,1812.0,2214.0
9988 Main St,Springfield,OH,15626,2016,3637,House,3,1,3167.0,2850.0,3484.0
1748 Main St,Riverside,NY,17424,1993,597,Apartment,3,2,548.0,493.0,603.0
5639 Main St,Fairview,NY,22857,2007,3715,House,2,1,3355.0,3020.0,3691.0
9737 Main St,Fairview,NY,29982,1952,4250,Condo,4,1,6295.0,5666.0,6925.0
4299 Main St,Springfield,OH,86961,2019,3657,Condo,4,2,4869.0,4382.0,5356.0
8545 Main St,Springfield,CA,11980,1951,843,Townhouse,4,2,1245.0,1120.0,1370.0
2657 Main St,Springfield,OH,58290,1993,1110,House,2,1,1230.0,1107.0,1353.0
5692 Main St,Riverside,OH,36431,1951,2227,House,4,1,2216.0,1994.0,2438.0
198 Main St,Springfield,NY,94976,1984,2790,Townhouse,3,1,3791.0,3412.0,4170.0
2300 Main St,Fairview,TX,92711,1979,2354,Townhouse,1,1,2421.0,2179.0,2663.0
3061 Main St,Fairview,CA,36385,1957,3108,House,3,3,3138.0,2824.0,3452.0
5073 Main St,Springfield,NY,48158,1971,2579,Townhouse,3,3,2483.0,2235.0,2731.0
4533 Main St,Springfield,TX,33019,1993,2824,Condo,1,1,2516.0,2264.0,2768.0
2969 Main St,Greenville,TX,28639,2007,1677,Apartment,3,3,1643.0,1479.0,1807.0
1056 Main St,Fairview,FL,95530,1985,1591,Condo,2,2,1669.0,1502.0,1836.0
8452 Main St,Riverside,CA,31563,2018,3291,Townhouse,1,3,4185.0,3766.0,4604.0
5799 Main St,Greenville,TX,49341,1980,2249,House,3,3,1898.0,1708.0,2088.0
7044 Main St,Springfield,NY,15776,1996,3175,House,5,1,3008.0,2707.0,3309.0
4593 Main St,Springfield,FL,46444,2004,1281,Condo,3,3,1750.0,1575.0,1925.0
9592 Main St,Fairview,CA,78916,2011,3548,House,2,3,3203.0,2883.0,3523.0
5011 Main St,Springfield,OH,18711,1979,2605,Townhouse,4,3,2709.0,2438.0,2980.0
4087 Main St,Riverside,NY,84318,2004,4367,Condo,3,3,6137.0,5523.0,6751.0
9819 Main St,Fairview,TX,92970,1965,2613,House,4,2,2374.0,2137.0,2611.0
6115 Main St,Springfield,TX,95553,1961,4470,Apartment,5,1,3835.0,3452.0,4218.0
1318 Main St,Fairview,NY,40707,1966,2491,Apartment,3,1,2838.0,2554.0,3122.0
4596 Main St,Springfield,TX,49110,1965,1567,Townhouse,1,2,1585.0,1426.0,1744.0
4835 Main St,Springfield,FL,71788,1961,2077,House,4,3,2481.0,2233.0,2729.0
4655 Main St,Springfield,CA,92879,1957,1511,Townhouse,5,2,2059.0,1853.0,2265.0
9246 Main St,Riverside,FL,48827,1952,2774,Condo,1,3,2486.0,2237.0,2735.0
8150 Main St,Riverside,TX,15655,1965,2314,Apartment,1,2,2792.0,2513.0,3071.0
3546 Main St,Fairview,OH,54859,1979,2926,Condo,1,1,3376.0,3038.0,3714.0
1145 Main St,Springfield,CA,63625,1972,4902,House,1,1,4416.0,3974.0,4858.0
6993 Main St,Springfield,CA,62098,1954,3051,Townhouse,3,1,3773.0,3396.0,4150.0
1793 Main St,Riverside,NY,25251,2014,4157,Townhouse,3,3,4122.0,3710.0,4534.0
3536 Main St,Springfield,NY,10526,1979,507,Townhouse,3,3,579.0,521.0,637.0
8854 Main St,Riverside,OH,78760,1970,3055,Condo,5,2,2620.0,2358.0,2882.0
5995 Main St,Springfield,CA,57837,2019,975,Apartment,5,2,1094.0,985.0,1203.0
3454 Main St,Fairview,OH,21536,1971,2711,Condo,5,1,2750.0,2475.0,3025.0
325 Main St,Springfield,NY,38541,2021,984,Condo,2,3,1354.0,1219.0,1489.0
4993 Main St,Springfield,NY,89083,1981,2785,House,5,2,2339.0,2105.0,2573.0
7122 Main St,Greenville,CA,61027,1982,4025,House,3,3,4399.0,3959.0,4839.0
9251 Main St,Riverside,FL,44531,1965,3839,House,3,3,4303.0,3873.0,4733.0
5700 Main St,Springfield,TX,18712,1987,3322,Apartment,2,1,4344.0,3910.0,4778.0
8096 Main St,Springfield,NY,75455,1963,3424,Apartment,2,1,4116.0,3704.0,4528.0
9107 Main St,Greenville,NY,84744,1985,758,House,5,3,960.0,864.0,1056.0
7783 Main St,Greenville,FL,15109,1972,782,House,4,3,1051.0,946.0,1156.0
4742 Main St,Riverside,FL,59268,2015,2398,Apartment,2,3,3366.0,3029.0,3703.0
7779 Main St,Greenville,OH,64615,1951,4635,Townhouse,1,3,4726.0,4253.0,5199.0
8308 Main St,Fairview,OH,92503,2022,3476,Apartment,3,1,4090.0,3681.0,4499.0
7439 Main St,Greenville,TX,39759,2014,2767,Apartment,1,2,3841.0,3457.0,4225.0
9535 Main St,Fairview,TX,95708,2024,3700,Apartment,3,1,5523.0,4971.0,6075.0
2305 Main St,Riverside,CA,70112,2016,1112,House,3,2,1582.0,1424.0,1740.0
1169 Main St,Riverside,OH,36589,2001,1187,Townhouse,2,3,1258.0,1132.0,1384.0
3544 Main St,Riverside,NY,40015,2011,4190,Apartment,2,2,3924.0,3532.0,4316.0
1160 Main St,Riverside,OH,39009,1972,1112,House,1,1,1271.0,1144.0,1398.0
2427 Main St,Riverside,NY,93309,1975,2807,Condo,3,1,3703.0,3333.0,4073.0
3520 Main St,Fairview,FL,72046,2017,3513,Condo,1,3,4022.0,3620.0,4424.0
401 Main St,Fairview,OH,36143,2004,2281,Apartment,4,1,2596.0,2336.0,2856.0
706 Main St,Riverside,FL,16154,1955,3091,Condo,1,3,4286.0,3857.0,4715.0
3270 Main St,Greenville,TX,31804,1984,3196,Townhouse,5,1,3365.0,3028.0,3702.0
799 Main St,Springfield,TX,51688,1971,4458,Condo,1,1,6249.0,5624.0,6874.0
5188 Main St,Riverside,CA,74288,1992,1074,Condo,5,3,1165.0,1048.0,1282.0
9431 Main St,Greenville,OH,61195,1964,2410,Townhouse,5,2,2482.0,2234.0,2730.0
290 Main St,Springfield,FL,30581,2009,4104,Apartment,5,1,4587.0,4128.0,5046.0
1080 Main St,Riverside,NY,62648,1961,1169,Apartment,4,2,1559.0,1403.0,1715.0
3075 Main St,Riverside,TX,40087,1998,4864,Townhouse,1,1,4320.0,3888.0,4752.0
6202 Main St,Fairview,TX,59930,1991,1783,Townhouse,1,1,1672.0,1505.0,1839.0
1284 Main St,Springfield,NY,42981,1987,1423,Townhouse,4,1,2086.0,1877.0,2295.0
3427 Main St,Springfield,FL,79298,1994,1625,Condo,3,1,1500.0,1350.0,1650.0
3494 Main St,Greenville,FL,56167,1984,2029,Townhouse,2,2,2430.0,2187.0,2673.0
8419 Main St,Fairview,OH,85304,1979,2094,House,1,2,2524.0,2272.0,2776.0
1916 Main St,Fairview,OH,53408,1979,746,Condo,2,1,852.0,767.0,937.0
5954 Main St,Fairview,CA,49499,1955,4211,Apartment,4,1,5269.0,4742.0,5796.0
6809 Main St,Fairview,TX,62269,2016,2060,Apartment,3,2,1979.0,1781.0,2177.0
669 Main St,Springfield,OH,48559,1956,2900,Apartment,3,3,3442.0,3098.0,3786.0
5542 Main St,Springfield,FL,84319,2001,2743,Condo,3,3,2909.0,2618.0,3200.0
1995 Main St,Riverside,NY,58787,1963,4364,House,4,2,5512.0,4961.0,6063.0
2833 Main St,Riverside,FL,45488,2022,2439,Townhouse,5,1,2192.0,1973.0,2411.0
3963 Main St,Fairview,TX,84441,1964,3569,Townhouse,5,1,4281.0,3853.0,4709.0
7555 Main St,Fairview,FL,84663,1970,726,Apartment,2,3,675.0,608.0,743.0
4114 Main St,Fairview,CA,32431,1984,4047,Apartment,5,3,4027.0,3624.0,4430.0
1786 Main St,Riverside,TX,71681,2015,764,Condo,5,2,728.0,655.0,801.0
3109 Main St,Greenville,NY,73483,1951,1895,House,3,3,1759.0,1583.0,1935.0
7906 Main St,Greenville,CA,59153,1984,4057,Townhouse,3,2,5591.0,5032.0,6150.0
254 Main St,Riverside,TX,16368,1969,1145,Condo,2,3,1145.0,1030.0,1260.0
1509 Main St,Riverside,NY,37424,1959,3490,Townhouse,1,3,5057.0,4551.0,5563.0
884 Main St,Riverside,CA,55004,1974,2399,Apartment,2,3,3548.0,3193.0,3903.0
8196 Main St,Riverside,CA,93869,2015,3004,Townhouse,2,1,3604.0,3244.0,3964.0
7660 Main St,Riverside,TX,98652,1974,3272,House,4,1,2945.0,2650.0,3240.0
7443 Main St,Riverside,OH,66985,2003,1654,House,4,1,1757.0,1581.0,1933.0
7306 Main St,Fairview,CA,60069,1982,1087,Apartment,2,3,1477.0,1329.0,1625.0
5696 Main St,Fairview,CA,62326,1985,2321,House,2,2,2454.0,2209.0,2699.0
5901 Main St,Fairview,NY,91061,1963,1485,House,2,2,1278.0,1150.0,1406.0
2906 Main St,Fairview,FL,33398,2014,4579,Condo,5,2,5448.0,4903.0,5993.0
637 Main St,Riverside,TX,60861,2003,3848,Townhouse,4,2,5355.0,4820.0,5891.0
6086 Main St,Greenville,TX,85897,2001,4331,Apartment,2,1,5878.0,5290.0,6466.0
1941 Main St,Springfield,OH,91905,1952,1741,Apartment,3,1,1606.0,1445.0,1767.0
8816 Main St,Riverside,OH,78577,1990,689,Apartment,3,3,876.0,788.0,964.0
7071 Main St,Springfield,TX,75641,1955,1480,Apartment,5,3,1412.0,1271.0,1553.0
5725 Main St,Greenville,OH,19078,1974,2198,Apartment,5,2,2094.0,1885.0,2303.0
3050 Main St,Fairview,NY,35003,1962,2215,House,1,1,3127.0,2814.0,3440.0
8092 Main St,Greenville,TX,72768,1957,3093,Condo,1,2,3015.0,2714.0,3317.0
4880 Main St,Riverside,OH,61047,1970,4636,Apartment,1,3,4563.0,4107.0,5019.0
2468 Main St,Fairview,TX,81626,2017,4933,Condo,5,3,3949.0,3554.0,4344.0
6755 Main St,Riverside,FL,67660,1974,1598,Condo,5,2,2252.0,2027.0,2477.0
8273 Main St,Fairview,CA,59786,2017,2826,House,5,3,3829.0,3446.0,4212.0
4595 Main St,Springfield,TX,11925,1994,3747,Apartment,3,2,4643.0,4179.0,5107.0
9263 Main St,Springfield,CA,93976,2009,1395,House,5,1,1849.0,1664.0,2034.0
6102 Main St,Springfield,OH,36015,1961,2174,Apartment,3,2,1971.0,1774.0,2168.0
6714 Main St,Greenville,CA,43320,1981,3409,House,1,1,3821.0,3439.0,4203.0
9458 Main St,Riverside,TX,74881,1962,1430,Condo,1,1,1496.0,1346.0,1646.0
6019 Main St,Greenville,FL,36289,1980,4884,Apartment,1,3,4228.0,3805.0,4651.0
953 Main St,Springfield,OH,13389,1969,1223,Townhouse,2,3,1395.0,1256.0,1535.0
4246 Main St,Riverside,TX,35683,1967,3440,Condo,2,3,4969.0,4472.0,5466.0
3869 Main St,Springfield,OH,23629,2009,1589,Townhouse,4,2,1316.0,1184.0,1448.0
674 Main St,Greenville,NY,71550,2012,1435,Condo,4,2,1441.0,1297.0,1585.0
1248 Main St,Greenville,CA,34826,1955,2795,House,4,3,2642.0,2378.0,2906.0
6393 Main St,Greenville,NY,36630,1981,655,Apartment,2,2,633.0,570.0,696.0
6557 Main St,Springfield,TX,56163,1992,1570,Condo,2,3,2254.0,2029.0,2479.0
7609 Main St,Riverside,FL,76435,1951,2458,House,4,2,2772.0,2495.0,3049.0
4877 Main St,Riverside,OH,21653,2009,3001,Apartment,4,1,3380.0,3042.0,3718.0
3954 Main St,Springfield,CA,37961,1972,4719,Apartment,5,1,6288.0,5659.0,6917.0
2591 Main St,Riverside,OH,91941,1980,4330,Condo,4,3,3932.0,3539.0,4325.0
3224 Main St,Springfield,TX,84137,1954,1354,Apartment,5,2,1545.0,1390.0,1700.0
5791 Main St,Riverside,OH,43662,1983,1139,Condo,3,2,1254.0,1129.0,1379.0
3151 Main St,Fairview,CA,66446,1959,2738,Apartment,2,1,3334.0,3001.0,3667.0
104 Main St,Fairview,TX,31288,1951,2102,Townhouse,4,1,3152.0,2837.0,3467.0
5322 Main St,Greenville,OH,46877,1960,941,House,2,3,1260.0,1134.0,1386.0
5415 Main St,Fairview,FL,25313,1999,1836,Townhouse,2,1,1980.0,1782.0,2178.0
4969 Main St,Fairview,TX,90885,1980,4200,Condo,2,3,5793.0,5214.0,6372.0
976 Main St,Fairview,TX,82715,2005,1448,Townhouse,3,1,1331.0,1198.0,1464.0
9283 Main St,Springfield,FL,20326,2022,3873,Condo,1,1,3181.0,2863.0,3499.0
7127 Main St,Fairview,NY,11560,1958,959,Apartment,4,2,904.0,814.0,994.0
4242 Main St,Fairview,CA,89148,1970,892,Apartment,1,1,926.0,833.0,1019.0
7066 Main St,Greenville,NY,93186,2022,4438,Condo,1,1,5137.0,4623.0,5651.0
7179 Main St,Fairview,OH,36745,1977,2287,Townhouse,1,3,2814.0,2533.0,3095.0
8087 Main St,Fairview,FL,41890,2011,2757,Apartment,2,1,3963.0,3567.0,4359.0
6899 Main St,Riverside,NY,30022,1956,1638,House,5,3,1895.0,1706.0,2084.0
4565 Main St,Greenville,TX,62579,1965,4308,Apartment,2,1,4958.0,4462.0,5454.0
735 Main St,Greenville,OH,80316,1953,2954,House,2,1,2467.0,2220.0,2714.0
1793 Main St,Greenville,OH,93847,1953,1966,Townhouse,1,3,1621.0,1459.0,1783.0
9974 Main St,Greenville,NY,38380,1989,4174,House,2,2,4950.0,4455.0,5445.0
4852 Main St,Greenville,NY,12356,1966,1877,House,1,3,2077.0,1869.0,2285.0
8411 Main St,Greenville,FL,80326,2001,3097,House,5,3,4297.0,3867.0,4727.0
930 Main St,Springfield,CA,99899,2001,641,House,4,3,585.0,526.0,644.0
5277 Main St,Fairview,NY,30049,1985,3159,Apartment,1,2,2582.0,2324.0,2840.0
9661 Main St,Greenville,NY,85717,1987,1339,House,5,1,1492.0,1343.0,1641.0
9032 Main St,Fairview,TX,26082,1999,4118,Apartment,4,3,3979.0,3581.0,4377.0
8408 Main St,Fairview,OH,10661,2012,4417,House,3,3,3687.0,3318.0,4056.0
6049 Main St,Springfield,CA,47412,2012,1095,Condo,1,2,1431.0,1288.0,1574.0
2938 Main St,Greenville,TX,12920,2011,2404,Townhouse,1,3,2111.0,1900.0,2322.0
1250 Main St,Riverside,FL,70315,1956,780,House,3,1,956.0,860.0,1052.0
7660 Main St,Springfield,FL,89561,1976,923,Condo,3,2,920.0,828.0,1012.0
2031 Main St,Riverside,NY,18946,1963,4865,House,1,1,4483.0,4035.0,4931.0
9304 Main St,Fairview,NY,55500,2020,4749,House,3,1,5062.0,4556.0,5568.0
1764 Main St,Fairview,FL,26309,1954,2250,House,2,2,3062.0,2756.0,3368.0
1181 Main St,Springfield,NY,65230,2004,2467,Condo,4,3,2651.0,2386.0,2916.0
612 Main St,Springfield,CA,40027,1951,4588,Townhouse,4,1,6082.0,5474.0,6690.0
7905 Main St,Riverside,NY,82541,2011,4678,Condo,4,1,4153.0,3738.0,4568.0
5337 Main St,Greenville,OH,69321,1970,3446,Townhouse,2,1,4621.0,4159.0,5083.0
659 Main St,Riverside,NY,10956,1970,1949,House,3,1,1882.0,1694.0,2070.0
3772 Main St,Springfield,TX,84131,1959,2831,Apartment,5,2,3607.0,3246.0,3968.0
7504 Main St,Riverside,CA,57908,2007,2720,House,3,2,3253.0,2928.0,3578.0
3443 Main St,Springfield,TX,88339,1988,4289,Townhouse,1,1,6221.0,5599.0,6843.0
4170 Main St,Riverside,TX,35963,1954,3310,Condo,4,3,3545.0,3190.0,3900.0
9762 Main St,Springfield,OH,49443,2014,2031,House,3,1,1719.0,1547.0,1891.0
680 Main St,Springfield,CA,49063,1962,3490,Condo,5,3,2839.0,2555.0,3123.0
7104 Main St,Springfield,CA,90818,2002,4993,Condo,1,1,6884.0,6196.0,7572.0
8230 Main St,Greenville,CA,14703,1994,1643,Condo,2,3,1918.0,1726.0,2110.0
3247 Main St,Riverside,CA,75128,1981,1433,House,2,1,1924.0,1732.0,2116.0
4349 Main St,Riverside,CA,82099,1985,1960,Condo,5,3,1890.0,1701.0,2079.0
1779 Main St,Riverside,OH,35849,2009,3223,Condo,1,1,3357.0,3021.0,3693.0
3606 Main St,Springfield,NY,41860,1960,3012,House,4,1,2473.0,2226.0,2720.0
7353 Main St,Riverside,TX,41585,2012,785,Condo,3,3,1156.0,1040.0,1272.0
2844 Main St,Riverside,CA,32015,1970,764,House,1,2,968.0,871.0,1065.0
9535 Main St,Springfield,NY,87539,2001,2867,Townhouse,2,3,4166.0,3749.0,4583.0
5288 Main St,Fairview,NY,53585,2004,3947,Townhouse,5,2,3891.0,3502.0,4280.0
2241 Main St,Springfield,TX,36958,1975,2262,Townhouse,5,1,2778.0,2500.0,3056.0
6717 Main St,Riverside,OH,36017,2017,3548,Condo,3,3,4524.0,4072.0,4976.0
2579 Main St,Springfield,FL,86707,1983,2881,Apartment,5,3,2945.0,2650.0,3240.0
6584 Main St,Fairview,FL,55350,2001,2769,Apartment,5,3,3859.0,3473.0,4245.0
9927 Main St,Springfield,NY,22201,2001,540,Condo,1,2,790.0,711.0,869.0
7521 Main St,Riverside,TX,39426,1978,567,Apartment,4,2,805.0,724.0,886.0
4552 Main St,Fairview,FL,27778,1987,1487,House,3,1,1959.0,1763.0,2155.0
5981 Main St,Greenville,NY,55241,1991,4508,Apartment,1,2,4482.0,4034.0,4930.0
6765 Main St,Riverside,OH,52229,1970,3698,Condo,4,2,3687.0,3318.0,4056.0
2949 Main St,Fairview,FL,96652,1991,3024,Condo,1,1,4458.0,4012.0,4904.0
7490 Main St,Fairview,NY,58364,1962,1585,House,1,3,1279.0,1151.0,1407.0
7005 Main St,Greenville,NY,94878,2013,2979,Townhouse,5,3,3876.0,3488.0,4264.0
2589 Main St,Springfield,CA,67056,1966,2193,Condo,4,1,2839.0,2555.0,3123.0
9923 Main St,Springfield,OH,37490,1958,2815,House,3,3,3479.0,3131.0,3827.0
9307 Main St,Riverside,CA,29975,1990,1278,Apartment,3,2,1908.0,1717.0,2099.0
9640 Main St,Greenville,TX,36723,1950,2085,Apartment,4,1,2123.0,1911.0,2335.0
4711 Main St,Springfield,CA,33279,1951,1992,House,5,1,2068.0,1861.0,2275.0
2939 Main St,Greenville,CA,88301,2009,1160,House,2,1,992.0,893.0,1091.0
8627 Main St,Springfield,FL,21561,1997,1848,Condo,1,3,2051.0,1846.0,2256.0
5978 Main St,Fairview,NY,76061,1978,1799,Apartment,5,1,1768.0,1591.0,1945.0
9187 Main St,Springfield,OH,98397,1959,4440,House,4,1,4619.0,4157.0,5081.0
6403 Main St,Greenville,CA,59153,2007,2486,Apartment,1,1,3441.0,3097.0,3785.0
951 Main St,Fairview,OH,43142,2009,2544,House,3,3,3701.0,3331.0,4071.0
1787 Main St,Fairview,CA,36916,1970,4016,Apartment,2,2,3735.0,3362.0,4108.0
6933 Main St,Fairview,TX,74324,1977,1558,Townhouse,3,1,1653.0,1488.0,1818.0
2527 Main St,Greenville,CA,54965,2024,1476,Condo,4,2,2140.0,1926.0,2354.0
9860 Main St,Riverside,FL,14648,1983,1227,Apartment,1,3,1035.0,932.0,1138.0
4100 Main St,Riverside,NY,45133,1957,3027,Townhouse,4,3,2617.0,2355.0,2879.0
5152 Main St,Riverside,TX,60677,2008,3636,Apartment,1,3,3323.0,2991.0,3655.0
2838 Main St,Greenville,CA,80135,2021,842,Apartment,5,3,1024.0,922.0,1126.0
5832 Main St,Fairview,OH,45046,1998,1947,Townhouse,2,2,1763.0,1587.0,1939.0
5487 Main St,Riverside,TX,57064,1966,2879,Apartment,5,1,4254.0,3829.0,4679.0
8102 Main St,Greenville,TX,79350,2009,4159,Apartment,5,3,4628.0,4165.0,5091.0
5636 Main St,Riverside,CA,55893,1994,1026,Condo,4,3,1181.0,1063.0,1299.0
4013 Main St,Springfield,TX,71272,2018,2396,Townhouse,2,2,2330.0,2097.0,2563.0
1166 Main St,Riverside,OH,77649,1981,2573,Townhouse,1,2,2907.0,2616.0,3198.0
7823 Main St,Riverside,TX,74674,1993,905,House,1,3,1143.0,1029.0,1257.0
4480 Main St,Fairview,OH,23760,2014,2073,Apartment,3,1,2748.0,2473.0,3023.0
4207 Main St,Greenville,CA,31927,1957,4240,Condo,1,1,5629.0,5066.0,6192.0
5826 Main St,Fairview,NY,96475,2021,4774,Apartment,4,3,5750.0,5175.0,6325.0
3473 Main St,Fairview,TX,71367,1992,4727,Apartment,5,2,6774.0,6097.0,7451.0
9045 Main St,Fairview,NY,22588,1950,2346,House,5,3,3219.0,2897.0,3541.0
2182 Main St,Fairview,OH,62233,2000,1978,Apartment,5,3,2631.0,2368.0,2894.0
9067 Main St,Fairview,TX,54738,1973,2895,Condo,2,2,2429.0,2186.0,2672.0
6848 Main St,Riverside,FL,43397,1973,1271,Condo,1,3,1023.0,921.0,1125.0
9917 Main St,Fairview,NY,92189,1966,1078,House,4,3,1023.0,921.0,1125.0
517 Main St,Fairview,TX,86367,1954,3401,Apartment,2,3,4300.0,3870.0,4730.0
8406 Main St,Greenville,NY,81260,1969,693,Condo,3,2,754.0,679.0,829.0
8908 Main St,Springfield,TX,86619,1970,2507,Apartment,4,1,2712.0,2441.0,2983.0
4074 Main St,Riverside,CA,29816,2007,1685,Apartment,4,1,2391.0,2152.0,2630.0
3367 Main St,Riverside,NY,52240,1980,2894,Apartment,4,2,4129.0,3716.0,4542.0
925 Main St,Riverside,FL,16276,1960,3498,House,5,1,5025.0,4522.0,5528.0
7768 Main St,Fairview,FL,89530,2001,2292,Apartment,4,3,2337.0,2103.0,2571.0
5845 Main St,Fairview,OH,33499,1964,1610,Condo,1,1,2067.0,1860.0,2274.0
9808 Main St,Fairview,TX,98576,1956,4505,Apartment,4,3,4461.0,4015.0,4907.0
512 Main St,Greenville,NY,92495,1977,2761,Condo,5,1,2577.0,2319.0,2835.0
7643 Main St,Springfield,OH,81635,2000,4236,Apartment,4,2,3936.0,3542.0,4330.0
7687 Main St,Fairview,NY,95112,2007,4293,Condo,3,1,4462.0,4016.0,4908.0
828 Main St,Springfield,TX,45946,1954,2436,Condo,3,1,2682.0,2414.0,2950.0
7264 Main St,Greenville,FL,65204,1954,4857,Apartment,5,1,6711.0,6040.0,7382.0
8967 Main St,Riverside,CA,61886,1957,1229,Apartment,1,2,1086.0,977.0,1195.0
6088 Main St,Fairview,FL,81652,2013,4878,Condo,1,1,6412.0,5771.0,7053.0
2604 Main St,Springfield,OH,25563,1959,3951,Townhouse,2,2,4631.0,4168.0,5094.0
3067 Main St,Springfield,CA,19847,1987,4957,House,5,3,4965.0,4468.0,5462.0
2886 Main St,Fairview,OH,36155,1957,2640,Townhouse,4,1,3023.0,2721.0,3325.0
1222 Main St,Riverside,TX,89671,1974,2144,Townhouse,5,2,2165.0,1948.0,2382.0
4179 Main St,Riverside,CA,93310,2022,3300,Apartment,2,2,4017.0,3615.0,4419.0
1671 Main St,Riverside,OH,77278,2015,641,House,5,1,707.0,636.0,778.0
5173 Main St,Greenville,TX,28309,1999,1955,Townhouse,5,3,1789.0,1610.0,1968.0
5204 Main St,Springfield,FL,10619,2016,2596,Apartment,2,2,2289.0,2060.0,2518.0
2243 Main St,Springfield,TX,93194,1998,1825,Townhouse,1,1,2158.0,1942.0,2374.0
9979 Main St,Springfield,NY,60108,1985,1713,Townhouse,4,3,2452.0,2207.0,2697.0
6906 Main St,Greenville,TX,44707,2017,1659,Apartment,2,2,1727.0,1554.0,1900.0
7457 Main St,Springfield,TX,30337,1990,4999,Apartment,3,2,6564.0,5908.0,7220.0
3540 Main St,Greenville,NY,91537,2011,840,Apartment,1,3,1059.0,953.0,1165.0
3866 Main St,Riverside,OH,76504,1959,4328,House,3,3,6285.0,5656.0,6914.0
